AAA	AAC	AAG	AAT	ACA	ACC	ACG	ACT	AGA	AGC	AGG	AGT	ATA	ATC	ATG	ATT	CAA	CAC	CAG	CAT	CCA	CCC	CCG	CCT	CGA	CGC	CGG	CGT	CTA	CTC	CTG	CTT	GAA	GAC	GAG	GAT	GCA	GCC	GCG	GCT	GGA	GGC	GGG	GGT	GTA	GTC	GTG	GTT	TAA	TAC	TAG	TAT	TCA	TCC	TCG	TCT	TGA	TGC	TGG	TGT	TTA	TTC	TTG	TTT
46	74	42	77	80	100	94	91	0	37	0	39	116	156	112	158	54	57	49	50	51	53	55	47	17	15	13	20	103	105	93	100	43	29	45	29	47	52	70	61	49	60	41	42	28	27	32	34	0	54	0	57	40	56	48	47	55	12	51	10	93	106	96	98
47	77	41	74	89	100	84	92	0	38	0	38	120	156	108	158	57	57	46	50	60	55	45	46	18	16	12	19	111	108	91	97	44	29	44	29	52	53	61	64	52	62	37	41	30	30	30	31	0	54	0	57	42	57	44	48	59	12	47	10	94	109	89	95
49	77	39	74	94	102	79	90	0	40	0	36	125	162	103	152	61	59	42	48	66	56	39	45	19	17	11	18	113	110	89	96	48	29	40	29	59	55	53	63	53	65	35	39	31	30	28	32	0	56	0	55	45	57	41	48	61	12	45	10	96	112	86	92
50	80	38	71	104	106	67	88	0	40	0	36	129	168	99	146	63	58	40	49	68	57	37	44	19	18	10	18	121	113	85	95	52	29	36	29	62	59	48	61	58	66	28	40	33	31	24	33	0	55	0	56	47	57	39	48	63	12	43	10	99	115	77	89
57	78	31	73	112	107	58	88	0	41	0	35	133	172	95	142	66	59	37	48	72	57	33	44	19	18	10	18	134	113	76	96	54	30	34	28	65	62	43	60	59	70	26	37	35	31	22	33	0	57	0	54	47	57	39	48	65	12	41	10	99	118	72	86
61	79	27	72	114	111	57	83	0	43	0	33	138	172	90	142	71	58	32	49	75	57	30	44	19	18	10	18	143	117	68	94	55	31	33	27	72	69	32	57	61	70	25	36	36	30	21	34	0	59	0	52	50	61	34	46	66	12	40	10	100	118	68	86
63	81	25	70	117	112	54	82	0	43	0	33	145	175	83	139	71	56	32	51	80	62	24	40	20	18	9	18	153	120	60	94	58	33	30	25	72	68	30	60	62	69	24	37	39	31	18	33	0	60	0	51	53	63	31	44	67	12	39	10	100	118	63	86
66	80	22	71	116	111	54	84	0	46	0	30	145	178	83	136	74	58	29	49	83	62	22	39	22	21	6	16	165	125	52	91	60	33	28	25	75	71	26	58	63	70	20	39	39	33	16	33	0	60	0	51	54	63	30	44	69	13	37	9	101	117	56	87
68	82	20	69	117	113	50	85	0	46	0	30	148	180	80	134	76	60	27	47	83	64	22	37	23	21	5	16	170	125	47	92	61	34	27	24	77	69	23	61	65	70	16	41	41	34	12	34	0	60	0	51	55	66	27	43	75	11	31	11	105	119	51	85
71	84	17	67	122	116	43	84	0	46	0	30	154	184	74	130	78	60	25	47	87	63	18	38	22	22	5	16	171	126	46	90	64	34	24	24	79	72	21	58	66	73	14	39	41	33	12	35	0	60	0	51	60	67	21	43	78	13	28	9	111	118	46	86
72	88	16	63	128	119	36	82	0	47	0	29	163	180	65	134	79	58	24	49	89	63	15	39	24	21	4	16	177	128	37	88	65	34	23	24	79	74	20	57	68	73	13	38	42	33	10	36	0	61	0	50	62	68	20	41	81	13	25	9	116	119	44	85
72	91	16	60	132	119	33	81	0	48	0	28	170	183	58	131	83	59	20	48	90	66	14	36	24	21	4	16	185	130	32	87	67	34	21	24	81	74	17	58	70	73	11	38	45	34	7	35	0	63	0	48	64	69	17	41	84	14	22	8	117	121	39	83
75	92	13	59	134	123	30	78	0	49	0	27	176	181	52	133	85	61	18	46	93	68	11	34	24	24	4	13	188	134	31	83	71	35	17	23	83	76	15	56	70	72	11	39	46	35	6	34	0	62	0	49	65	69	16	41	85	14	21	8	117	123	37	81
75	92	13	59	136	126	27	76	0	51	0	25	183	186	45	128	86	60	17	47	96	67	8	35	24	25	4	12	194	135	30	80	71	36	17	22	83	75	14	58	72	75	8	37	46	36	6	33	0	61	0	50	66	69	15	41	86	14	20	8	118	119	33	85
76	92	12	59	143	130	21	71	0	53	0	23	189	188	39	126	87	62	16	45	95	66	8	37	24	24	3	14	200	135	26	80	73	36	15	22	83	79	14	54	74	77	6	35	46	37	6	32	0	63	0	48	68	70	12	41	89	14	17	8	121	121	28	83
78	91	10	60	145	132	17	71	0	52	0	24	199	191	29	123	87	61	16	46	94	69	8	35	25	24	2	14	208	136	23	79	73	37	15	21	83	79	14	54	75	77	5	35	47	41	4	29	0	61	0	50	68	71	10	42	90	14	16	8	119	122	25	82
80	91	8	60	148	133	14	70	0	54	0	22	202	193	26	121	88	61	15	46	96	70	5	35	25	23	2	15	210	141	20	76	76	37	12	21	85	79	12	54	75	76	5	36	48	40	3	30	0	65	0	46	69	71	9	42	89	13	17	9	121	116	22	88
80	94	8	57	150	133	12	70	0	54	0	22	204	189	24	125	92	61	11	46	97	71	4	34	26	23	1	15	215	140	18	79	77	39	11	19	86	82	11	51	76	79	4	33	49	40	2	30	0	69	0	42	68	71	10	42	92	14	14	8	122	116	16	88
81	94	7	57	150	132	12	71	0	54	0	22	209	194	19	120	93	62	10	45	95	72	6	33	26	23	1	15	222	142	16	79	78	40	10	18	89	80	9	52	75	79	5	33	49	41	2	29	0	68	0	43	70	75	8	38	96	14	10	8	118	117	13	87
83	94	5	57	156	134	7	68	0	56	0	20	209	195	19	119	94	66	9	41	98	74	4	30	26	22	1	16	224	141	14	80	79	41	9	17	91	81	7	51	75	78	5	34	49	44	2	26	0	70	0	41	70	76	7	38	96	15	10	7	120	121	11	83
85	97	3	54	158	138	4	65	0	55	0	21	210	195	18	119	96	68	7	39	98	73	4	31	26	22	1	16	226	146	12	76	79	40	9	18	92	84	6	48	76	81	5	30	51	45	0	25	0	70	0	41	70	80	6	35	99	15	7	7	120	122	10	82
85	98	3	53	158	136	3	68	0	54	0	22	214	195	14	119	97	67	6	40	99	68	3	36	26	24	0	15	227	146	14	76	81	39	7	19	94	86	5	45	76	78	6	32	51	47	0	23	0	72	0	39	72	80	4	35	99	15	7	7	121	124	6	80
85	101	3	50	157	136	4	68	0	56	0	20	214	192	14	122	98	67	5	40	100	67	2	37	26	23	0	16	232	148	12	76	81	38	7	20	94	86	4	46	78	78	5	31	51	48	0	22	0	74	0	37	73	81	3	34	99	14	7	8	118	126	4	78
85	101	3	50	155	139	6	65	0	57	0	19	215	195	13	119	99	67	4	40	101	68	2	35	26	24	0	15	241	152	10	72	81	37	7	21	94	89	3	44	79	77	4	32	51	47	0	23	0	76	0	35	74	80	2	35	99	14	7	8	113	125	2	79
86	101	2	50	155	141	7	62	0	56	0	20	218	199	10	115	99	65	4	42	101	68	2	35	25	25	1	14	241	156	11	69	81	37	7	21	94	90	3	43	80	81	3	28	51	45	0	25	0	74	0	37	73	78	2	38	101	17	5	5	111	131	2	73
86	104	2	47	156	146	6	57	0	57	0	19	219	200	9	114	99	70	4	37	101	66	1	38	24	26	1	14	239	158	9	68	82	36	6	22	95	90	2	43	82	79	2	29	51	43	0	27	0	74	0	37	73	78	2	38	103	17	3	5	113	131	3	73
86	104	2	47	155	146	7	57	0	57	0	19	219	204	9	110	99	70	4	37	99	64	3	40	24	26	1	14	243	154	9	69	83	37	5	21	95	94	1	40	83	79	1	29	52	46	0	23	0	75	0	36	75	76	2	38	103	16	3	6	111	128	4	76
88	106	0	45	154	146	8	57	0	57	0	19	218	209	10	105	98	73	5	34	98	64	3	41	25	27	0	13	250	156	8	67	83	37	5	21	95	93	1	41	83	78	1	30	51	47	0	23	0	72	0	39	75	80	2	34	106	16	0	6	105	133	4	71
88	109	0	42	157	143	5	60	0	59	0	17	220	211	8	103	99	76	4	31	95	70	4	37	26	27	0	12	255	163	5	63	83	38	5	20	96	92	1	41	82	78	2	30	51	48	0	22	0	70	0	41	77	80	1	33	106	16	0	6	101	132	3	72
88	112	0	39	156	144	5	60	0	61	0	15	223	215	5	99	100	79	3	28	95	70	3	38	26	27	0	12	257	163	4	64	84	38	4	20	97	96	0	37	82	80	2	28	51	51	0	19	0	76	0	35	77	80	1	33	106	16	0	6	98	131	4	73
88	112	0	39	156	141	6	62	0	58	0	18	223	212	5	102	101	78	2	29	95	66	3	42	26	25	0	14	257	163	5	63	85	42	3	16	95	97	2	36	81	81	2	28	51	52	0	18	0	75	0	36	77	78	1	35	104	16	2	6	99	133	3	71
86	113	2	38	159	137	5	64	0	59	0	17	225	213	3	101	101	77	2	30	96	66	2	42	26	25	0	14	257	164	5	62	85	42	3	16	93	101	4	32	81	82	2	27	52	52	0	17	0	75	0	36	78	77	1	35	103	16	3	6	100	135	2	69
86	113	2	38	159	133	4	69	0	60	0	16	223	219	5	95	101	78	2	29	96	64	2	44	26	24	0	15	255	167	5	59	86	40	2	18	94	101	2	33	79	82	4	27	53	51	0	17	0	74	0	37	78	76	1	36	104	16	2	6	102	136	2	68
86	112	2	39	160	140	3	62	0	60	0	16	223	219	5	95	102	78	1	29	95	65	3	43	27	23	0	15	254	172	6	55	86	40	2	18	94	101	1	34	77	82	5	28	53	53	0	15	0	76	0	35	77	79	1	34	105	17	1	5	102	141	1	63
85	105	3	46	161	139	2	63	0	62	0	14	225	226	3	88	102	78	1	29	95	62	3	46	27	23	0	15	260	169	5	58	88	40	0	18	94	100	1	35	78	81	5	28	52	55	1	13	0	76	0	35	77	83	1	30	104	18	2	4	97	140	1	64
85	102	3	49	160	139	2	64	0	62	0	14	226	225	2	89	102	79	1	28	96	62	2	46	27	24	0	14	261	169	5	56	88	38	0	20	92	97	2	39	78	80	4	30	53	53	0	15	0	76	0	35	77	84	1	29	104	17	2	5	98	139	1	65
86	100	2	51	161	142	1	61	0	61	0	15	226	226	2	88	102	79	1	28	96	62	1	47	27	25	0	13	264	166	5	58	88	37	0	21	91	99	2	38	79	79	4	30	53	55	0	13	0	74	0	37	77	82	1	31	103	17	3	5	96	146	1	58
86	99	2	52	161	143	1	60	0	61	0	15	226	224	2	90	103	79	0	28	96	65	1	44	27	25	0	13	268	169	5	57	87	37	1	21	91	101	2	36	81	77	3	31	54	57	0	10	0	74	0	37	78	84	0	29	103	17	3	5	90	144	1	60
86	99	2	52	162	143	0	60	0	63	0	13	224	219	4	95	103	79	0	28	96	67	1	42	26	26	0	13	265	173	4	56	87	39	1	19	90	100	4	36	80	77	3	32	54	56	0	11	0	73	0	38	78	84	0	29	104	17	2	5	90	141	2	63
84	100	4	51	163	143	0	59	0	64	0	12	223	217	5	97	102	79	1	28	96	69	1	40	26	26	1	12	266	175	4	55	87	40	1	18	92	96	3	39	78	76	3	35	54	55	0	12	0	73	0	38	79	81	0	31	104	17	2	5	89	137	1	67
86	99	2	52	163	142	1	59	0	64	0	12	222	222	6	92	102	76	1	31	96	69	1	40	27	25	0	13	267	168	4	62	87	40	1	18	93	97	2	38	78	73	3	38	55	55	0	11	0	71	0	40	80	81	0	30	104	17	2	5	88	137	1	67
86	102	2	49	165	139	0	61	0	63	0	13	223	224	5	90	102	78	1	29	95	72	2	37	26	24	1	14	265	163	4	66	87	40	1	18	94	100	0	36	81	76	1	34	55	55	0	11	0	71	0	40	79	81	0	31	104	17	2	5	91	140	1	64
87	103	1	48	164	140	1	60	0	63	0	13	220	228	8	86	102	76	1	31	94	74	1	37	26	26	1	12	269	164	3	66	87	39	1	19	94	101	0	35	81	76	1	34	55	55	0	11	0	72	0	39	79	84	0	28	105	16	1	6	88	140	0	64
87	104	1	47	164	142	1	58	0	67	0	9	224	228	4	86	100	74	3	33	94	76	1	35	25	26	2	12	269	165	4	63	88	39	0	19	94	105	0	31	82	74	1	35	55	50	0	16	0	73	0	38	79	83	0	29	105	16	1	6	89	139	0	65
87	107	1	44	164	145	1	55	0	66	0	10	224	224	4	90	101	73	2	34	95	76	1	34	24	28	2	11	271	161	4	66	87	41	1	17	95	102	0	33	81	74	1	36	54	50	1	16	0	73	0	38	79	84	0	28	105	17	1	5	88	141	0	63
87	108	1	43	168	143	0	54	0	64	0	12	223	227	5	87	100	74	3	33	94	72	3	37	24	29	2	10	267	160	5	65	87	41	1	17	95	103	0	32	82	73	1	36	54	49	1	17	0	76	0	35	79	83	1	28	104	17	2	5	93	143	0	61
86	110	2	41	168	143	0	54	0	64	0	12	222	230	6	84	100	74	3	33	95	72	2	37	25	29	1	10	269	163	4	62	86	42	2	16	97	101	0	32	83	74	0	35	54	50	1	16	0	76	0	35	78	79	2	32	104	17	2	5	91	140	1	64
86	110	2	41	168	144	1	52	0	62	0	14	223	227	5	87	102	76	1	31	95	71	2	38	25	31	1	8	260	165	4	61	86	43	2	15	98	100	0	32	83	73	0	36	54	48	1	18	0	77	0	34	76	80	3	32	105	18	1	4	97	144	3	60
86	110	2	41	165	143	3	54	0	59	0	17	224	226	4	88	101	78	2	29	93	72	4	37	25	32	1	7	261	160	2	65	86	47	2	11	98	101	0	31	83	75	0	34	54	49	1	17	0	76	0	35	76	79	3	33	104	19	2	3	99	148	3	56
86	112	2	39	166	142	1	56	0	62	0	14	225	227	3	87	99	80	4	27	92	71	4	39	24	32	2	7	258	160	2	64	85	46	3	12	97	99	1	33	83	73	0	36	56	47	0	18	0	77	0	34	77	80	2	32	105	19	1	3	103	148	3	56
86	110	2	41	164	140	2	59	0	62	0	14	225	228	3	86	99	81	4	26	94	71	3	38	23	32	3	7	261	158	3	64	87	46	1	12	98	99	1	32	83	78	0	31	54	47	0	20	0	78	0	33	78	78	2	33	105	19	1	3	101	152	3	52
84	114	4	37	164	140	2	59	0	61	0	15	225	226	3	88	100	80	3	27	94	73	3	36	24	31	2	8	266	159	2	62	86	44	2	14	98	97	0	35	84	75	0	33	54	48	0	19	0	77	0	34	78	77	2	34	105	17	1	5	99	146	2	58
84	111	4	40	168	138	1	58	0	62	0	14	225	225	3	89	101	82	2	25	94	73	4	35	24	31	2	8	270	160	1	60	87	45	1	13	97	99	1	33	85	75	0	32	54	48	0	19	0	74	0	37	79	75	2	35	105	17	1	5	97	143	2	61
83	108	5	43	167	134	1	63	0	61	0	15	226	218	2	96	101	82	2	25	94	78	4	30	24	31	2	8	267	161	2	59	88	46	0	12	97	101	2	30	84	76	1	31	55	45	0	21	0	77	0	34	80	75	1	35	105	19	1	3	98	145	3	59
84	107	4	44	167	137	1	60	0	59	0	17	226	221	2	93	101	82	2	25	94	76	2	34	25	30	0	10	268	159	2	62	88	45	0	13	98	100	2	30	84	79	1	28	55	46	0	20	0	78	0	33	79	77	1	34	103	19	3	3	96	148	3	56
86	108	2	43	166	137	1	61	0	59	0	17	226	222	2	92	101	81	2	26	95	76	2	33	24	29	1	11	272	163	0	59	86	42	2	16	99	102	1	28	84	79	1	28	54	47	1	19	0	79	0	32	79	75	1	36	104	19	2	3	91	147	5	57
86	111	2	40	166	138	1	60	0	60	0	16	224	224	4	90	100	80	3	27	95	78	3	30	25	27	0	13	270	161	1	61	86	39	2	19	100	103	1	26	85	78	2	27	56	48	1	16	0	76	0	35	78	74	0	39	103	19	3	3	92	147	5	57
86	107	2	44	165	141	1	58	0	58	0	18	225	219	3	95	101	79	2	28	94	76	4	32	25	27	1	12	276	170	1	52	87	38	1	20	100	104	0	26	86	79	1	26	57	48	1	15	0	75	0	36	77	75	0	39	103	19	3	3	86	148	5	56
86	110	2	41	164	141	2	58	0	58	0	18	225	220	3	94	101	76	2	31	96	75	3	32	26	26	0	13	274	172	1	50	86	37	2	21	102	100	0	28	86	80	1	25	58	47	1	15	0	78	0	33	78	77	0	36	104	19	2	3	89	149	4	55
85	107	3	44	163	140	2	60	0	58	0	18	224	218	4	96	99	75	4	32	96	77	3	30	26	26	0	13	276	173	3	50	87	38	1	20	103	96	0	31	84	84	2	22	57	47	1	16	0	78	0	33	78	79	0	34	104	19	2	3	86	148	2	56
86	111	2	40	161	140	3	61	0	58	0	18	225	223	3	91	100	76	3	31	97	78	2	29	26	24	0	15	274	172	3	48	87	38	1	20	103	93	0	34	84	84	2	22	57	44	1	19	0	78	0	33	78	80	0	33	104	18	2	4	92	150	1	54
86	109	2	42	164	135	4	62	0	57	0	19	223	219	5	95	100	78	3	29	99	77	2	28	26	24	0	15	268	174	3	47	86	38	2	20	103	93	0	34	85	82	2	23	58	44	1	18	0	80	0	31	78	78	0	35	104	19	2	3	98	150	0	54
85	109	3	42	165	139	3	58	0	56	0	20	223	220	5	94	100	77	3	30	100	79	0	27	26	23	0	16	265	171	5	50	86	38	2	20	104	94	0	32	88	78	1	25	58	43	1	19	0	81	0	30	80	78	0	33	103	19	3	3	99	152	0	52
85	107	3	44	165	143	2	55	0	57	0	19	220	223	8	91	99	76	4	31	100	79	1	26	26	24	0	15	269	172	4	48	85	37	3	21	104	96	1	29	87	75	2	28	58	42	1	20	0	82	0	29	81	75	0	35	104	19	2	3	97	149	0	55
84	112	4	39	165	142	2	56	0	56	0	20	220	220	8	94	100	76	3	31	97	81	3	25	25	25	0	15	268	167	4	53	85	36	3	22	102	97	2	29	86	75	2	29	58	43	1	19	0	81	0	30	81	72	1	37	104	18	2	4	97	151	1	53
84	112	4	39	166	143	1	55	0	56	0	20	219	225	9	89	99	76	4	31	98	79	2	27	25	25	0	15	267	170	2	49	86	35	2	23	102	99	1	28	85	77	3	27	58	44	1	18	0	82	0	29	82	73	1	35	104	18	2	4	102	152	0	52
84	113	4	38	166	147	1	51	0	56	0	20	221	221	7	93	99	75	4	32	99	78	1	28	26	25	0	14	265	172	3	48	87	34	1	24	102	103	1	24	85	78	3	26	59	43	0	19	0	79	0	32	84	73	0	34	105	18	1	4	101	152	1	52
85	114	3	37	165	150	2	48	0	56	0	20	223	216	5	98	98	75	5	32	100	77	0	29	26	25	0	14	261	172	2	50	88	36	0	22	102	103	1	24	86	74	3	29	58	42	1	20	0	79	0	32	84	77	0	30	105	17	1	5	104	148	1	56
85	117	3	34	165	148	2	50	0	57	0	19	223	219	5	95	99	72	4	35	100	78	0	28	26	24	0	15	255	174	4	49	88	40	0	18	103	102	1	24	86	73	3	30	58	41	1	21	0	79	0	32	84	80	0	27	105	17	1	5	107	142	1	62
85	116	3	35	162	145	5	53	0	58	0	18	223	220	5	94	100	74	3	33	101	76	0	29	26	26	0	13	255	180	2	47	88	39	0	19	104	101	1	24	88	71	2	31	58	42	1	20	0	83	0	28	84	79	0	28	104	17	2	5	104	141	2	63
86	117	2	34	165	147	3	50	0	56	0	20	226	222	2	92	100	73	3	34	102	76	0	28	27	25	0	13	260	182	1	47	87	40	1	18	103	102	2	23	88	70	3	31	58	42	1	20	0	84	0	27	82	82	2	25	104	18	2	4	97	141	3	63
86	112	2	39	165	147	4	49	0	54	0	22	227	222	1	92	101	73	2	34	100	76	0	30	27	24	0	14	254	179	4	48	87	39	1	19	104	103	1	22	88	66	3	35	58	40	1	22	0	83	0	28	83	79	2	27	105	19	1	3	102	145	3	59
87	113	1	38	166	142	2	55	0	54	0	22	227	226	1	88	100	73	3	34	99	76	1	30	27	24	0	14	249	180	5	51	87	39	1	19	105	104	0	21	88	67	3	34	58	40	1	22	0	82	0	29	81	82	3	25	105	17	1	5	102	146	3	58
87	112	1	39	165	143	2	55	0	53	0	23	226	219	2	95	101	74	2	33	98	76	1	31	28	22	0	15	241	181	5	53	88	41	0	17	104	105	1	20	89	65	2	36	58	41	1	21	0	82	0	29	82	82	2	25	105	19	1	3	108	146	2	58
87	109	1	42	164	141	3	57	0	56	0	20	226	224	2	90	101	73	2	34	99	72	1	34	28	24	0	13	248	180	3	52	88	41	0	17	102	100	2	26	89	66	2	35	58	42	1	20	0	82	0	29	82	81	2	26	104	18	2	4	105	148	2	56
87	113	1	38	164	141	3	57	0	55	0	21	221	217	7	97	102	73	1	34	98	71	1	36	28	25	0	12	252	179	2	53	87	42	1	16	102	97	3	28	91	67	2	32	58	45	2	16	0	81	0	30	83	85	2	21	106	17	0	5	103	149	1	55
86	114	2	37	166	144	3	52	0	54	0	22	221	222	7	92	101	70	2	37	97	74	1	34	28	26	0	11	251	178	2	55	87	43	1	15	102	98	2	28	91	67	1	33	58	44	1	18	0	83	0	28	84	86	1	20	105	16	1	6	103	148	1	56
86	113	2	38	166	145	4	50	0	55	0	21	222	216	6	98	102	69	1	38	97	74	1	34	28	26	0	11	249	182	3	52	87	44	1	14	104	94	1	31	92	70	0	30	59	40	1	21	0	82	0	29	84	86	1	20	104	15	2	7	104	149	0	55
87	112	1	39	164	144	6	51	0	55	0	21	224	218	4	96	102	70	1	37	96	77	2	31	28	26	0	11	255	180	1	54	87	45	1	13	105	91	0	34	90	70	2	30	59	39	1	22	0	77	0	34	84	85	1	21	105	16	1	6	100	146	0	58
86	111	2	40	163	147	6	49	0	57	0	19	222	219	6	95	102	72	1	35	97	74	2	33	28	26	0	11	255	177	4	56	88	44	0	14	104	92	0	34	91	74	1	26	59	39	1	22	0	75	0	36	84	84	2	21	104	16	2	6	97	148	1	56
86	110	2	41	165	145	3	52	0	59	0	17	222	221	6	93	102	73	1	34	98	70	3	35	28	28	0	9	252	179	6	53	88	45	0	13	105	89	0	36	91	75	1	25	58	39	2	22	0	76	0	35	84	81	1	25	103	14	3	8	100	150	0	54
86	107	2	44	164	147	4	50	0	58	0	18	222	221	6	93	102	77	1	30	98	69	3	36	28	29	0	8	254	175	5	56	88	46	0	12	105	89	0	36	91	73	1	27	58	39	2	22	0	76	0	35	84	78	1	28	103	12	3	10	98	154	2	50
86	102	2	49	165	148	3	49	0	57	0	19	222	218	6	96	102	77	1	30	98	72	2	34	28	30	0	7	256	171	4	58	88	47	0	11	107	87	0	36	91	72	1	28	58	40	2	21	0	77	0	34	84	77	1	29	103	13	3	9	99	153	2	51
87	100	1	51	165	145	2	53	0	59	0	17	223	217	5	97	102	76	1	31	98	69	2	37	28	31	0	6	249	172	1	59	88	47	0	11	110	84	0	36	91	74	1	26	59	42	1	19	0	74	0	37	85	77	1	28	103	14	3	8	106	154	3	50
88	103	0	48	165	146	2	52	0	57	0	19	222	213	6	101	102	75	1	32	99	70	1	36	28	30	0	7	244	172	2	59	88	49	0	9	111	86	0	33	92	71	1	28	60	41	1	19	0	76	0	35	85	78	1	27	102	14	4	8	110	155	3	49
86	104	2	47	163	148	3	51	0	58	0	18	222	215	6	99	100	78	3	29	98	71	2	35	28	29	0	8	245	176	1	57	88	49	0	9	110	83	1	36	90	72	2	28	57	43	3	18	0	75	0	36	85	81	1	24	102	14	4	8	109	154	2	50
87	105	1	46	163	145	4	53	0	57	0	19	223	218	5	96	100	78	3	29	97	76	2	31	28	29	0	8	251	180	2	53	86	48	2	10	110	83	1	36	89	75	2	26	57	42	3	19	0	75	0	36	85	82	1	23	101	14	5	8	103	157	1	47
87	103	1	48	164	147	3	51	0	56	0	20	223	216	5	98	100	78	3	29	97	75	2	32	29	28	0	8	248	184	1	50	85	46	3	12	107	85	3	35	91	74	1	26	57	43	2	19	0	75	0	36	86	84	0	21	101	12	5	10	106	156	1	48
86	103	2	48	166	147	1	51	0	52	0	24	223	216	5	98	100	77	3	30	96	80	2	28	29	28	0	8	249	184	1	50	86	45	2	13	108	84	3	35	91	72	1	28	57	45	1	18	0	75	0	36	86	82	0	23	102	12	4	10	104	152	2	52
86	104	2	47	166	144	2	53	0	52	0	24	225	217	3	97	100	78	3	29	95	80	3	28	29	28	0	8	249	187	2	47	86	46	2	12	108	80	3	39	91	74	1	26	57	45	1	18	0	76	0	35	88	80	0	23	102	12	4	10	103	153	2	51
86	105	2	46	165	139	2	59	0	52	0	24	226	211	2	103	100	77	3	30	98	80	2	26	29	27	0	9	249	189	2	46	86	45	2	13	108	83	2	37	93	72	0	27	55	45	3	18	0	76	0	35	88	79	0	24	102	13	4	9	102	153	2	51
86	105	2	46	165	139	2	59	0	52	0	24	225	207	3	107	100	79	3	28	99	77	2	28	28	30	0	7	249	181	2	54	86	44	2	14	109	81	1	39	93	72	0	27	54	47	2	18	0	78	0	33	87	77	1	26	102	13	4	9	103	153	1	51
87	105	1	46	166	140	3	56	0	55	0	21	225	206	3	108	100	80	3	27	98	79	3	26	28	31	0	6	249	181	2	53	86	43	2	15	108	82	2	38	93	73	0	26	55	49	1	16	0	77	0	34	88	74	0	29	102	15	4	7	104	154	1	50
87	104	1	47	166	140	3	56	0	56	0	20	225	206	3	108	100	81	3	26	97	80	2	27	29	28	0	8	250	185	3	50	85	44	3	14	109	81	1	39	93	70	1	28	55	52	1	13	0	78	0	33	88	71	0	32	103	15	3	7	101	154	1	50
88	103	0	48	166	139	3	57	0	56	0	20	225	205	3	109	100	84	3	23	98	79	1	28	29	26	0	10	246	186	3	50	86	41	2	17	108	80	1	41	93	68	1	30	55	49	1	16	0	81	0	30	85	69	1	36	101	15	5	7	105	149	0	55
88	104	0	47	165	143	3	54	0	56	0	20	221	204	7	110	100	83	3	24	98	83	1	24	29	29	0	7	254	184	2	52	87	41	1	17	108	81	1	40	92	68	1	31	55	51	1	14	0	82	0	29	86	69	1	35	102	15	4	7	98	146	0	58
88	110	0	41	164	139	4	58	0	55	0	21	221	200	7	114	101	81	2	26	98	85	2	21	29	30	0	6	251	184	2	54	87	41	1	17	109	81	1	39	93	71	1	27	54	50	2	15	0	82	0	29	84	74	1	32	103	16	3	6	98	146	1	58
88	110	0	41	163	135	4	63	0	56	0	20	223	204	5	110	101	81	2	26	99	84	1	22	28	29	0	8	251	182	2	54	86	40	2	18	108	80	2	40	94	71	2	25	52	47	2	20	0	83	0	28	85	70	1	35	104	17	2	5	99	146	2	58
88	113	0	38	164	137	3	61	0	56	0	20	223	206	5	108	101	77	2	30	99	84	1	22	28	27	0	10	256	184	1	54	86	38	2	20	110	80	2	38	95	71	2	24	53	46	1	21	0	84	0	27	84	71	2	34	104	16	2	6	93	143	2	61
87	113	1	38	165	137	3	60	0	55	0	21	223	204	5	110	102	79	1	28	99	81	1	25	28	26	0	11	258	186	1	51	86	37	2	21	111	79	2	38	94	71	1	26	52	44	1	24	0	84	0	27	82	76	2	31	104	17	2	5	91	146	3	58
87	116	1	35	166	138	2	59	0	51	0	25	224	204	4	110	102	82	1	25	97	80	2	27	28	28	0	9	256	184	1	53	87	36	1	22	111	80	2	37	96	71	0	25	51	47	1	22	0	82	0	29	81	72	2	36	104	17	2	5	93	143	3	61
87	118	1	33	168	142	1	54	0	54	0	22	226	207	2	107	102	84	1	23	99	76	2	29	28	29	0	8	254	185	2	51	88	37	0	21	113	80	1	36	96	71	0	25	51	45	1	24	0	82	0	29	81	70	2	38	105	17	1	5	95	143	3	61
86	121	2	30	167	141	1	56	0	52	0	24	226	208	2	106	101	83	2	24	99	75	2	30	28	30	0	7	250	183	2	52	88	37	0	21	113	82	2	33	95	73	0	24	52	43	0	26	0	81	0	30	83	70	1	37	105	16	1	6	98	145	5	59
85	122	3	29	167	142	1	55	0	52	0	24	225	216	3	98	101	83	2	24	100	75	3	28	28	30	0	7	257	174	1	59	88	38	0	20	114	80	2	34	94	70	1	27	52	42	0	27	0	81	0	30	81	75	3	32	106	16	0	6	95	146	4	58
85	121	3	30	166	141	2	56	0	55	0	21	224	218	4	96	101	83	2	24	99	76	3	28	29	29	0	7	263	175	2	55	88	37	0	21	116	78	1	35	95	69	1	27	52	44	0	25	0	82	0	29	82	77	4	28	105	16	1	6	93	145	2	59
86	123	2	28	169	143	0	53	0	56	0	20	223	218	5	96	102	80	1	27	98	73	4	31	28	28	0	9	255	174	3	56	87	37	1	21	117	79	1	33	95	69	1	27	52	43	0	26	0	85	0	26	83	76	4	28	105	15	1	7	101	147	1	57
85	120	3	31	169	143	1	52	0	56	0	20	223	215	5	99	101	80	2	27	98	72	3	33	28	30	0	7	255	174	2	56	87	37	1	21	117	78	2	33	97	69	1	25	52	44	0	25	0	88	0	23	84	77	2	28	104	15	2	7	101	146	2	58
87	120	1	31	167	147	3	48	0	57	0	19	223	218	5	96	101	80	2	27	99	72	3	32	28	29	0	8	255	171	2	58	87	38	1	20	117	81	2	30	98	69	1	24	53	42	0	26	0	86	0	25	83	78	2	28	104	16	2	6	101	149	3	55
87	118	1	33	167	147	2	49	0	57	0	19	224	219	4	95	102	80	1	27	101	71	1	33	28	30	0	7	261	172	4	56	86	39	2	19	117	81	2	30	99	66	0	27	53	46	0	22	0	85	0	26	86	77	3	25	104	16	2	6	94	150	3	54
87	119	1	32	166	150	3	46	0	56	0	20	225	226	3	88	102	80	1	27	101	75	1	29	28	30	0	7	265	173	3	57	87	39	1	19	116	80	2	32	101	64	0	27	53	45	0	23	0	88	0	23	84	80	4	23	104	14	2	8	90	148	2	56
87	112	1	39	165	152	3	45	0	56	0	20	222	228	6	86	103	78	0	29	101	73	1	31	28	31	0	6	265	172	3	57	86	41	2	17	115	79	2	34	102	61	0	29	53	45	0	23	0	91	0	20	83	82	3	23	104	13	2	9	91	150	2	54
88	114	0	37	168	148	1	48	0	56	0	20	222	230	6	84	103	80	0	27	102	75	0	29	28	30	0	7	267	169	4	61	87	42	1	16	116	81	1	32	102	63	0	27	52	45	1	23	0	95	0	16	82	83	4	22	104	13	2	9	87	150	2	54
88	109	0	42	167	149	1	48	0	57	0	19	220	232	8	82	102	80	1	27	102	73	0	31	27	30	1	7	265	167	3	63	87	43	1	15	115	78	3	34	100	63	1	28	53	45	1	22	0	97	0	14	81	86	3	21	103	14	3	8	90	152	2	52
87	108	1	43	167	153	1	44	0	57	0	19	222	229	6	85	102	79	1	28	102	71	0	33	27	29	1	8	265	166	4	63	87	43	1	15	117	77	2	34	100	65	1	26	53	47	1	20	0	97	0	14	81	84	3	23	103	14	3	8	90	152	2	52
88	108	0	43	167	153	1	44	0	58	0	18	222	225	6	89	100	81	3	26	105	69	0	32	27	29	1	8	261	161	7	68	87	39	1	19	116	78	2	34	100	69	0	23	54	47	1	19	0	95	0	16	82	83	2	24	103	14	3	8	92	150	1	54
88	106	0	45	167	153	1	44	0	58	0	18	221	224	7	90	100	82	3	25	105	73	0	28	27	29	1	8	266	160	7	67	87	36	1	22	114	83	2	31	101	69	0	22	54	48	1	18	0	94	0	17	82	83	2	24	105	15	1	7	88	150	2	54
88	108	0	43	166	151	2	46	0	60	0	16	223	223	5	91	101	81	2	26	106	72	0	28	29	30	1	5	267	162	7	66	87	37	1	21	115	85	1	29	100	70	0	22	53	49	1	18	0	93	0	18	82	84	2	23	105	16	1	6	85	150	3	54
88	111	0	40	164	145	3	53	0	59	0	17	224	217	4	97	100	82	3	25	107	72	0	27	29	30	1	5	267	159	4	66	88	39	0	19	115	82	2	31	100	71	0	21	53	49	1	18	0	90	0	21	82	83	2	24	105	16	1	6	90	148	4	56
85	114	3	37	164	141	2	58	0	58	0	18	224	219	4	95	101	84	2	23	107	67	0	32	28	30	1	6	268	166	5	58	88	39	0	19	114	80	3	33	100	70	0	22	53	48	0	20	0	88	0	23	81	82	3	25	106	16	0	6	90	148	3	56
87	112	1	39	163	141	2	59	0	57	0	19	225	216	3	98	101	86	2	21	107	71	1	27	29	29	0	7	269	164	7	59	88	39	0	19	116	80	1	33	100	72	0	20	53	47	0	21	0	86	0	25	81	82	3	25	106	16	0	6	89	148	2	56
87	111	1	40	162	144	3	56	0	56	0	20	224	213	4	101	101	86	2	21	106	74	1	25	30	28	0	7	273	157	6	64	88	41	0	17	115	83	2	30	100	75	0	17	52	45	1	23	0	89	0	22	80	85	3	23	106	15	0	7	88	151	2	53
87	109	1	42	164	141	2	58	0	55	0	21	224	218	4	96	101	87	2	20	107	72	1	26	30	27	0	8	272	155	4	66	87	41	1	17	114	84	2	30	99	76	0	17	51	47	1	22	0	86	0	25	81	83	1	26	106	15	0	7	91	151	2	53
86	110	2	41	165	146	1	53	0	54	0	22	225	215	3	99	101	84	2	23	108	70	2	26	29	28	0	8	270	155	4	67	86	39	2	19	114	82	2	32	100	77	0	15	52	47	1	21	0	87	0	24	82	87	1	21	105	15	1	7	92	152	2	52
85	110	3	41	163	140	1	61	0	55	0	21	224	215	4	99	102	86	1	21	108	68	2	28	29	27	0	9	265	155	4	67	86	39	2	19	116	80	1	33	99	77	1	15	52	47	1	21	0	88	0	23	80	82	3	26	104	15	2	7	95	152	4	52
87	107	1	44	160	138	3	64	0	56	0	20	223	216	5	98	102	90	1	17	106	71	2	27	30	24	0	11	261	153	5	69	87	39	1	19	115	82	2	31	100	75	0	17	52	47	1	21	0	85	0	26	80	82	3	26	104	15	2	7	99	151	3	53
87	108	1	43	161	136	2	66	0	56	0	20	222	219	6	95	101	90	2	17	104	70	4	28	30	25	0	10	264	150	4	70	86	39	2	19	117	81	1	31	100	74	1	17	53	47	0	21	0	85	0	26	80	81	3	27	105	15	1	7	98	151	4	53
87	113	1	38	161	137	1	66	0	57	0	19	223	220	5	94	101	90	2	17	104	68	3	31	30	25	0	10	267	149	4	70	85	38	3	20	117	85	0	28	100	71	2	19	52	49	0	20	0	84	0	27	81	83	3	24	105	13	1	9	96	151	4	53
86	112	2	39	160	135	2	68	0	58	0	18	225	219	3	95	101	88	2	19	104	67	3	32	30	24	0	11	270	155	5	62	84	40	4	18	117	87	0	26	101	68	2	21	51	50	1	19	0	86	0	25	83	81	1	26	105	13	1	9	92	152	6	52
86	107	2	44	161	137	2	65	0	55	0	21	223	226	5	88	100	88	3	19	103	70	3	30	30	24	0	11	272	152	5	62	84	41	4	17	116	87	0	27	101	68	2	21	51	51	1	18	0	82	0	29	84	80	1	26	106	14	0	8	94	151	5	53
86	105	2	46	162	141	2	60	0	54	0	22	223	222	5	92	99	87	4	20	104	71	3	28	30	25	0	10	279	149	2	62	85	42	3	16	116	88	0	26	100	67	1	24	51	50	1	19	0	82	0	29	83	81	1	26	106	14	0	8	92	154	6	50
86	105	2	46	159	143	4	59	0	53	0	23	225	221	3	93	99	86	4	21	103	70	4	29	29	25	0	11	281	147	4	63	85	43	3	15	116	90	0	24	101	68	0	23	52	50	0	19	0	83	0	28	84	81	0	26	106	14	0	8	91	151	4	53
86	105	2	46	157	148	5	55	0	51	0	25	225	224	3	90	98	87	5	20	104	64	4	34	29	24	0	12	281	151	3	59	85	42	3	16	117	89	0	24	101	68	0	23	52	47	0	22	0	85	0	26	83	81	0	27	106	14	0	8	92	147	4	57
86	109	2	42	155	151	6	53	0	51	0	25	226	225	2	89	98	86	5	21	105	65	1	35	29	26	0	10	284	150	5	61	83	43	5	15	116	87	0	27	101	70	1	20	52	49	0	20	0	85	0	26	85	76	0	30	105	13	1	9	88	149	2	55
86	110	2	41	155	155	6	49	0	53	0	23	222	226	6	88	100	87	3	20	105	67	1	33	29	24	0	12	287	150	3	57	84	44	4	14	117	89	0	24	99	74	2	17	52	54	0	15	0	86	0	25	85	74	1	31	104	13	2	9	92	149	1	55
85	108	3	43	157	149	5	54	0	53	0	23	223	227	5	87	101	88	2	19	104	69	1	32	29	25	0	11	286	149	3	59	85	43	3	15	116	88	1	25	97	71	4	20	51	53	0	17	0	87	0	24	86	75	0	30	104	13	2	9	90	152	3	52
86	108	2	43	158	148	4	55	0	52	0	24	221	227	7	87	102	87	1	20	105	66	1	34	29	25	0	11	287	150	2	59	86	45	2	13	116	84	2	28	99	72	2	19	51	52	0	18	0	88	0	23	86	76	0	29	104	14	2	8	89	151	3	53
86	109	2	42	159	148	4	54	0	49	0	27	220	229	8	85	102	86	1	21	105	69	1	31	29	25	0	11	283	148	4	61	85	45	3	13	116	85	1	28	99	72	2	19	51	54	0	16	0	87	0	24	87	74	0	30	104	14	2	8	92	152	2	52
86	114	2	37	159	148	4	54	0	47	0	29	220	229	8	85	102	86	1	21	105	70	1	30	28	26	1	10	282	151	3	58	85	45	3	13	116	83	1	30	99	71	2	20	50	56	0	15	0	89	0	22	87	75	0	29	105	15	1	7	95	155	1	49
87	115	1	36	161	147	2	55	0	47	0	29	220	233	8	81	102	87	1	20	104	72	0	30	29	25	0	11	286	154	3	54	85	44	3	14	114	81	3	32	98	72	3	19	50	57	0	14	0	91	0	20	88	75	0	28	105	14	1	8	93	156	0	48
86	116	2	35	162	143	1	59	0	49	0	27	223	234	5	80	102	88	1	19	102	73	0	31	29	24	1	11	288	157	4	51	86	46	2	12	116	80	2	32	98	74	3	17	50	56	0	15	0	91	0	20	89	77	0	25	105	14	1	8	90	151	0	53
87	114	1	37	163	144	1	57	0	50	0	26	223	233	5	81	103	84	0	23	101	71	0	34	31	22	1	11	287	157	6	50	87	45	1	13	116	83	1	30	99	71	3	19	50	55	0	16	0	92	0	19	89	78	1	23	104	14	2	8	90	150	0	54
86	113	2	38	164	146	2	53	0	51	0	25	222	236	6	78	103	85	0	22	99	72	1	34	31	21	1	12	291	160	6	49	86	44	2	14	117	80	1	32	101	72	3	16	50	55	0	16	0	92	0	19	89	79	1	22	104	13	2	9	84	145	0	59
87	113	1	38	165	143	2	55	0	50	0	26	224	235	4	79	103	87	0	20	99	74	1	32	31	24	0	10	290	160	5	49	86	45	2	13	117	80	1	32	101	71	3	17	49	54	1	17	0	93	0	18	86	82	2	21	104	12	2	10	86	142	0	62
87	114	1	37	166	144	3	52	0	52	0	24	225	232	3	82	103	85	0	22	99	76	1	30	31	24	0	10	285	162	5	47	86	45	2	13	118	75	1	36	102	72	3	15	49	54	1	17	0	92	0	19	85	84	3	19	104	12	2	10	91	142	0	62
86	114	2	37	164	144	4	53	0	55	0	21	225	231	3	83	102	84	1	23	98	77	2	29	31	23	0	11	281	167	5	46	85	46	3	12	118	76	2	34	102	71	3	16	48	52	1	20	0	92	0	19	84	82	4	21	104	12	2	10	91	143	0	61
87	111	1	40	164	145	4	52	0	56	0	20	225	235	3	79	101	85	2	22	99	76	2	29	31	23	0	11	275	168	5	47	85	46	3	12	116	78	4	32	102	74	2	14	48	53	2	18	0	83	0	28	84	80	3	24	104	13	2	9	94	144	1	60
87	112	1	39	165	143	3	54	0	57	0	19	225	235	3	79	102	85	1	22	99	73	2	32	31	24	0	10	278	167	3	47	86	43	2	15	115	77	4	34	103	73	2	14	47	54	2	18	0	82	0	29	83	80	5	23	104	13	2	9	93	150	2	54
86	108	2	43	166	141	2	56	0	54	0	22	225	233	3	81	102	86	1	21	98	75	3	30	31	24	0	10	276	168	5	45	85	43	3	15	116	76	4	34	103	69	2	18	46	56	3	16	0	82	0	29	85	77	5	24	104	14	2	8	94	148	2	56
86	106	2	45	167	140	2	56	0	56	0	20	225	234	3	80	103	89	0	18	98	76	2	30	31	24	0	10	282	165	7	45	84	45	4	13	118	75	3	34	101	69	3	19	45	57	4	15	0	85	0	26	87	78	3	23	104	16	2	6	91	151	0	53
86	105	2	46	165	140	3	57	0	54	0	22	225	230	3	84	102	88	1	19	99	77	2	28	31	26	0	8	277	162	5	52	84	44	4	14	120	77	2	31	102	68	3	19	46	56	4	15	0	84	0	27	88	78	2	23	104	15	2	7	94	156	0	48
87	101	1	50	165	136	3	61	0	55	0	21	223	230	5	84	102	87	1	20	98	77	2	29	31	28	0	6	277	165	7	49	83	45	5	13	121	77	2	30	102	71	3	16	47	55	2	17	0	86	0	25	88	74	2	27	104	14	2	8	91	156	1	48
87	103	1	48	166	134	3	62	0	55	0	21	221	227	7	87	102	89	1	18	97	75	3	31	31	26	0	8	272	160	9	53	84	45	4	13	120	77	3	30	102	73	3	14	47	52	2	20	0	88	0	23	86	73	4	28	104	14	2	8	95	156	1	48
87	105	1	46	165	136	3	61	0	56	0	20	221	226	7	88	102	86	1	21	96	79	4	27	31	26	0	8	273	161	6	52	86	46	2	12	121	77	2	30	101	73	4	14	47	50	2	22	0	88	0	23	85	72	4	30	104	14	2	8	95	160	3	44
87	107	1	44	163	137	3	62	0	57	0	19	222	224	6	90	102	84	1	23	94	80	5	27	31	26	0	8	274	158	6	55	87	46	1	12	123	77	1	29	102	72	3	15	48	50	1	22	0	89	0	22	86	70	4	31	103	17	3	5	94	162	3	42
86	108	2	43	161	135	6	63	0	55	0	21	222	218	6	96	102	83	1	24	95	81	3	27	31	25	0	9	276	161	6	53	88	45	0	13	121	77	3	29	102	68	3	19	48	48	1	24	0	88	0	23	86	74	3	28	103	16	3	6	91	161	3	43
87	108	1	43	162	138	4	61	0	55	0	21	224	213	4	101	102	85	1	22	96	79	2	29	31	27	0	7	272	163	5	53	88	43	0	15	122	77	2	29	103	65	2	22	48	48	1	24	0	89	0	22	88	72	3	28	103	16	3	6	94	157	3	47
87	104	1	47	162	138	3	62	0	58	0	18	225	223	3	91	102	84	1	23	96	76	2	32	31	27	0	7	268	163	6	54	88	41	0	17	122	74	3	31	106	63	1	22	48	48	1	24	0	89	0	22	88	72	3	28	103	16	3	6	96	151	3	53
88	106	0	45	161	139	3	62	0	62	0	14	224	216	4	98	101	83	2	24	98	76	1	31	31	28	0	6	271	164	4	54	88	44	0	14	124	73	2	31	106	63	2	21	47	51	1	22	0	92	0	19	88	72	3	28	103	16	3	6	94	148	3	56
87	108	1	43	161	139	3	62	0	58	0	18	221	215	7	99	102	86	1	21	98	76	1	31	30	28	0	7	273	164	3	53	86	41	2	17	123	74	2	31	107	63	1	21	48	51	0	22	0	87	0	24	90	72	2	27	103	17	3	5	94	149	3	55
87	108	1	43	161	142	2	60	0	58	0	18	220	216	8	98	102	81	1	26	98	75	1	32	30	28	0	7	273	168	3	50	85	42	3	16	123	76	2	29	107	62	1	22	47	52	1	21	0	88	0	23	90	73	3	25	102	17	4	5	92	156	4	48
87	106	1	45	164	138	2	61	0	61	0	15	220	216	8	98	101	81	2	26	96	77	2	31	30	29	0	6	264	170	5	47	85	45	3	13	124	78	1	27	107	61	1	23	47	51	1	22	0	87	0	24	90	75	3	23	102	17	4	5	100	156	4	48
86	106	2	45	163	137	3	62	0	60	0	16	219	214	9	100	101	80	2	27	95	76	3	32	30	29	0	6	264	173	5	46	86	45	2	13	122	79	2	27	108	60	1	23	48	53	1	19	0	87	0	24	90	74	3	24	104	18	2	4	99	152	3	52
86	104	2	47	164	141	3	57	0	60	0	16	220	219	8	95	102	78	1	29	97	79	1	29	30	26	0	9	261	171	5	49	86	44	2	14	120	77	2	31	108	59	1	24	47	54	1	19	0	86	0	25	90	71	3	27	104	19	2	3	103	148	1	56
87	106	1	45	164	140	3	58	0	60	0	16	222	218	6	96	102	77	1	30	98	79	1	28	30	25	0	10	260	167	6	52	86	45	2	13	119	79	2	30	108	59	1	24	48	53	0	20	0	82	0	29	89	70	4	28	104	18	2	4	104	149	1	55
86	108	2	43	164	142	3	56	0	60	0	16	221	222	7	92	102	77	1	30	98	77	1	30	31	24	0	10	264	166	6	52	86	44	2	14	120	78	1	31	108	57	1	26	48	52	0	21	0	85	0	26	90	69	3	29	104	18	2	4	101	144	1	60
87	107	1	44	165	142	3	55	0	61	0	15	218	222	10	92	100	77	3	30	98	73	1	34	31	25	0	9	268	161	5	56	84	42	4	16	120	80	1	29	107	55	2	28	49	50	0	22	0	83	0	28	91	66	2	32	104	18	2	4	100	150	0	54
87	105	1	46	164	140	3	58	0	61	0	15	223	219	5	95	100	72	3	35	98	75	1	32	31	26	0	8	271	162	6	53	84	42	4	16	122	81	0	27	107	52	2	31	49	51	0	21	0	85	0	26	91	68	1	31	104	18	2	4	98	152	0	52
86	104	2	47	165	142	3	55	0	63	0	13	224	219	4	95	100	74	3	33	98	76	0	32	31	26	0	8	266	162	5	55	84	43	4	15	121	81	0	28	108	52	0	32	50	51	0	20	0	86	0	25	91	71	1	28	104	17	2	5	101	153	1	51
86	101	2	50	165	140	3	57	0	63	0	13	223	222	5	92	100	75	3	32	97	78	1	30	31	23	0	11	271	160	5	56	84	42	4	16	122	79	0	29	110	53	0	29	50	51	0	20	0	84	0	27	93	73	0	25	102	15	4	7	96	148	2	56
86	104	2	47	163	139	4	59	0	63	0	13	224	220	4	94	99	72	4	35	96	78	2	30	31	25	0	9	278	157	4	59	84	41	4	17	121	79	1	29	107	51	2	32	51	51	0	19	0	83	0	28	94	72	0	25	103	15	3	7	90	145	2	59
87	105	1	46	163	138	3	61	0	59	0	17	224	219	4	95	99	75	4	32	96	77	1	32	31	24	0	10	274	162	6	55	84	41	4	17	121	77	1	31	107	51	2	32	51	51	0	19	0	82	0	29	94	72	0	25	103	14	3	8	90	141	3	63
88	105	0	46	162	134	3	66	0	56	0	20	223	225	5	89	99	75	4	32	93	78	2	33	31	24	0	10	272	157	5	58	85	42	3	16	121	81	1	27	107	52	2	31	51	53	0	17	0	84	0	27	93	73	0	25	103	16	3	6	95	144	3	60
88	106	0	45	165	133	3	64	0	56	0	20	225	226	3	88	101	73	2	34	92	80	3	31	32	22	0	11	272	160	5	58	84	42	4	16	120	79	2	29	106	55	2	29	52	54	0	15	0	86	0	25	92	76	0	23	103	15	3	7	92	145	3	59
87	106	1	45	165	135	3	62	0	56	0	20	225	228	3	86	101	72	2	35	95	78	2	31	32	19	0	14	273	160	6	58	84	42	4	16	119	79	3	29	105	56	2	29	52	53	0	16	0	86	0	25	92	78	0	21	103	15	3	7	90	140	3	64
87	106	1	45	166	129	4	66	0	58	0	18	224	231	4	83	101	76	2	31	96	77	2	31	31	20	1	13	270	163	6	55	85	43	3	15	118	83	3	26	104	58	3	27	50	52	2	17	0	85	0	26	92	76	0	23	102	16	4	6	94	140	2	64
87	105	1	46	166	132	5	62	0	58	0	18	226	225	2	89	101	77	2	30	95	79	2	30	31	22	1	11	269	164	7	53	83	42	5	16	117	81	4	28	105	57	2	28	51	50	2	18	0	86	0	25	89	77	0	25	103	16	3	6	95	144	2	60
87	108	1	43	167	136	3	59	0	56	0	20	225	224	3	90	101	76	2	31	96	77	1	32	31	22	1	11	269	163	5	54	84	41	4	17	118	79	2	31	103	55	4	30	51	52	2	16	0	86	0	25	88	77	0	26	103	16	3	6	97	146	2	58
86	108	2	43	168	136	3	58	0	56	0	20	225	225	3	89	101	73	2	34	95	79	2	30	30	23	2	10	266	163	4	55	83	42	5	16	117	80	3	30	104	57	3	28	51	50	2	18	0	88	0	23	88	77	1	25	102	15	4	7	101	146	1	58
86	108	2	43	164	134	5	62	0	57	0	19	225	224	3	90	100	71	3	36	97	82	1	26	31	23	1	10	262	162	6	58	83	40	5	18	116	80	3	31	104	58	3	27	49	54	3	15	0	90	0	21	87	76	1	27	104	14	2	8	101	145	1	59
87	104	1	47	167	131	2	65	0	59	0	17	225	224	3	90	102	74	1	33	97	82	1	26	31	23	1	10	264	161	6	59	83	39	5	19	117	79	3	31	104	58	3	27	50	54	2	15	0	90	0	21	86	76	2	27	104	14	2	8	98	149	2	55
86	103	2	48	165	134	2	64	0	58	0	18	222	219	6	95	101	73	2	34	96	82	2	26	32	23	1	9	262	167	7	53	85	42	3	16	119	78	1	32	103	59	4	26	51	52	2	16	0	88	0	23	84	77	2	28	103	14	3	8	100	149	1	55
86	102	2	49	164	139	2	60	0	58	0	18	221	221	7	93	103	73	0	34	96	82	2	26	31	25	1	8	264	166	7	54	85	44	3	14	118	77	1	34	103	59	4	26	51	53	2	15	0	88	0	23	84	77	1	29	104	12	2	10	98	152	1	52
86	104	2	47	165	140	3	57	0	61	0	15	222	219	6	95	102	74	1	33	97	80	1	28	31	25	1	8	263	171	9	49	85	45	3	13	119	79	0	32	103	57	4	28	50	51	3	17	0	88	0	23	83	77	1	30	104	12	2	10	97	153	1	51
86	104	2	47	167	138	3	57	0	62	0	14	223	221	5	93	101	75	2	32	96	82	1	27	31	24	1	9	264	173	5	50	86	44	2	14	118	81	1	30	106	57	2	27	50	50	3	18	0	89	0	22	83	77	0	31	105	11	1	11	96	152	2	52
86	108	2	43	168	142	3	52	0	61	0	15	221	225	7	89	102	77	1	30	95	83	2	26	31	26	1	7	267	175	4	49	87	41	1	17	120	81	0	29	104	61	3	24	51	49	3	18	0	90	0	21	82	78	0	31	105	11	1	11	94	156	1	48
87	106	1	45	167	142	3	53	0	60	0	16	221	229	7	85	102	77	1	30	96	83	2	25	29	26	2	8	260	178	6	46	87	41	1	17	120	80	0	30	103	64	2	23	53	48	2	18	0	84	0	27	83	78	0	30	104	12	2	10	100	155	0	49
87	108	1	43	168	148	2	47	0	57	0	19	222	230	6	84	102	75	1	32	96	84	1	25	29	27	2	7	269	173	3	50	87	41	1	17	120	82	0	28	104	64	1	23	53	48	2	18	0	79	0	32	84	78	0	29	104	13	2	9	94	152	1	52
87	109	1	42	168	146	2	49	0	60	0	16	222	230	6	84	101	78	2	29	99	80	0	27	29	26	1	9	268	172	3	52	87	41	1	17	120	82	0	28	104	63	1	24	54	47	2	18	0	76	0	35	84	79	0	28	104	14	2	8	94	151	1	53
87	108	1	43	167	148	2	48	0	59	0	17	224	232	4	82	101	82	2	25	99	79	0	28	29	24	1	11	264	170	3	54	87	42	1	16	121	82	0	27	105	64	1	22	55	45	2	19	0	78	0	33	84	77	0	30	104	13	2	9	98	151	1	53
87	111	1	40	166	149	2	48	0	60	0	16	223	226	5	88	101	83	2	24	98	80	0	28	29	22	1	13	260	166	5	58	88	42	0	16	121	81	0	28	106	64	0	22	55	48	1	17	0	80	0	31	85	76	0	30	105	13	1	9	99	152	2	52
87	110	1	41	162	146	3	54	0	61	0	15	223	226	5	88	101	83	2	24	98	77	0	31	29	24	1	11	259	167	6	57	87	40	1	18	120	81	0	29	103	65	2	22	53	49	2	17	0	79	0	32	87	74	0	30	105	13	1	9	101	155	0	49
87	105	1	46	163	147	2	53	0	57	0	19	223	228	5	86	103	81	0	26	98	82	0	26	29	24	0	12	259	163	5	61	87	38	1	20	121	79	0	30	104	63	1	24	53	47	2	19	0	79	0	32	86	77	0	28	105	13	1	9	102	155	0	49
88	107	0	44	163	141	2	59	0	55	0	21	223	225	5	89	101	78	2	29	96	84	2	24	29	25	0	11	254	165	3	62	87	39	1	19	120	77	0	33	103	66	2	21	53	49	2	17	0	81	0	30	88	75	0	28	105	13	1	9	106	156	0	48
88	109	0	42	159	140	5	61	0	54	0	22	223	224	5	90	101	78	2	29	98	80	0	28	29	24	0	12	255	164	4	63	87	38	1	20	118	81	2	29	103	66	2	21	53	50	2	16	0	82	0	29	88	75	0	28	105	13	1	9	104	159	0	45
87	108	1	43	160	142	4	59	0	55	0	21	223	220	5	94	100	79	3	28	99	81	0	26	30	25	0	10	254	167	4	60	87	38	1	20	119	80	1	30	105	63	1	23	54	52	1	14	0	84	0	27	86	75	0	30	104	14	2	8	105	159	0	45
87	110	1	41	162	142	3	58	0	57	0	19	219	219	9	95	101	81	2	26	99	82	0	25	29	24	1	11	258	168	4	57	87	38	1	20	116	82	1	31	104	61	1	26	54	52	1	14	0	80	0	31	85	76	1	29	103	15	3	7	103	163	0	41
87	110	1	41	163	147	2	53	0	56	0	20	220	216	8	98	101	79	2	28	99	81	0	26	29	25	1	10	254	175	6	53	87	37	1	21	115	83	2	30	105	62	0	25	54	54	1	12	0	76	0	35	85	77	0	29	102	15	4	7	99	158	3	46
86	111	2	40	165	146	1	53	0	55	0	21	222	215	6	99	102	79	1	28	98	80	1	27	30	25	0	10	254	178	5	54	87	40	1	18	115	86	1	28	104	63	0	25	54	53	0	14	0	76	0	35	85	77	0	29	103	17	3	5	97	153	2	51
87	111	1	40	164	147	2	52	0	57	0	19	221	212	7	102	102	79	1	28	97	81	1	27	29	22	1	13	251	180	6	52	86	42	2	16	114	88	2	26	105	61	0	26	54	51	0	16	0	81	0	30	88	75	0	28	103	17	3	5	97	149	4	55
86	114	2	37	163	145	4	53	0	54	0	22	220	215	8	99	102	79	1	28	98	80	1	27	30	23	0	12	255	183	4	49	87	41	1	17	115	89	1	25	106	58	0	28	52	52	0	17	0	82	0	29	89	75	1	26	104	16	2	6	97	151	2	53
86	115	2	36	163	145	4	53	0	55	0	21	222	214	6	100	102	80	1	27	99	79	1	27	30	25	0	10	261	182	4	51	87	42	1	16	114	89	1	26	107	60	0	25	52	53	0	16	0	81	0	30	89	72	1	29	104	15	2	7	91	152	1	52
86	111	2	40	163	145	3	54	0	55	0	21	221	216	7	98	100	76	3	31	99	80	1	26	30	24	0	11	261	185	2	50	87	44	1	14	113	88	1	28	106	59	0	27	52	51	0	18	0	78	0	33	90	72	1	28	104	16	2	6	90	150	2	54
86	110	2	41	163	149	4	49	0	56	0	20	220	221	8	93	99	79	4	28	98	81	1	26	30	23	0	12	260	180	4	54	87	44	1	14	112	90	1	27	106	59	0	27	54	48	0	19	0	80	0	31	91	70	0	30	105	17	1	5	91	148	1	56
86	111	2	40	163	151	3	48	0	57	0	19	220	221	8	93	99	80	4	27	97	79	2	28	30	24	0	11	261	183	4	51	87	44	1	14	109	89	3	29	106	58	0	28	54	46	0	21	0	75	0	36	89	70	2	30	105	18	1	4	89	151	2	53
85	110	3	41	165	147	3	50	0	56	0	20	220	221	8	93	98	80	5	27	99	77	1	29	29	27	0	9	264	183	7	52	87	43	1	15	108	92	3	27	106	59	0	27	54	43	0	24	0	78	0	33	89	71	2	29	105	18	1	4	83	148	1	56
85	108	3	43	167	147	1	50	0	54	0	22	220	223	8	91	99	81	4	26	99	76	1	30	29	27	0	9	265	176	6	58	87	48	1	10	108	92	2	28	106	59	0	27	53	45	0	23	0	78	0	33	90	72	1	28	104	18	2	4	84	149	1	55
87	106	1	45	167	147	1	50	0	51	0	25	219	222	9	92	99	81	4	26	98	75	2	31	30	26	0	9	260	172	7	60	87	49	1	9	108	94	3	25	106	56	0	30	54	43	0	24	0	78	0	33	87	75	1	28	104	18	2	4	90	144	1	60
87	110	1	41	166	149	0	50	0	48	0	28	222	221	6	93	100	83	3	24	99	75	1	31	30	26	0	9	258	168	7	65	87	48	1	10	107	95	4	24	107	57	0	28	54	45	0	22	0	77	0	34	89	73	0	29	103	18	3	4	91	145	1	59
87	110	1	41	166	152	0	47	0	48	0	28	223	221	5	93	99	81	4	26	98	75	1	32	30	25	0	10	258	166	7	66	87	48	1	10	107	99	4	20	107	58	0	27	54	43	0	24	0	82	0	29	89	74	1	27	102	16	4	6	90	141	3	63
87	110	1	41	167	153	0	45	0	50	0	26	225	224	3	90	99	81	4	26	101	74	0	31	30	25	0	10	255	167	8	65	87	47	1	11	107	98	4	21	105	59	1	27	53	44	0	24	0	80	0	31	88	77	2	24	103	14	3	8	91	139	4	65
87	109	1	42	168	152	0	45	0	51	0	25	225	227	3	87	99	82	4	25	101	75	0	30	31	25	0	9	256	163	8	68	88	47	0	11	107	96	4	23	103	61	2	26	53	45	0	23	0	82	0	29	86	77	4	24	103	13	3	9	92	139	3	65
87	108	1	43	168	153	0	44	0	52	0	24	224	226	4	88	100	84	3	23	101	76	0	29	31	25	0	9	255	164	7	67	87	46	1	12	110	93	4	23	106	61	1	24	52	46	1	22	0	81	0	30	85	76	5	25	103	14	3	8	95	142	2	62
87	108	1	43	169	156	0	40	0	51	0	25	226	229	2	85	100	86	3	21	102	76	0	28	32	24	0	9	256	166	8	66	87	46	1	12	111	92	4	23	106	62	1	23	52	45	1	23	0	81	0	30	85	74	6	26	103	16	3	6	92	148	2	56
87	108	1	43	168	156	0	41	0	52	0	24	225	238	3	76	101	86	2	21	105	75	0	26	31	24	1	9	263	165	7	66	87	49	1	9	111	93	4	22	106	61	1	24	53	44	0	24	0	80	0	31	85	72	7	27	104	16	2	6	87	150	2	54
87	111	1	40	167	149	1	48	0	52	0	24	221	234	7	80	101	85	2	22	105	74	0	27	31	23	1	10	265	169	5	63	87	48	1	10	111	90	4	25	106	60	2	24	53	46	0	22	0	81	0	30	87	68	5	31	104	15	2	7	87	150	1	54
87	111	1	40	169	146	0	50	0	50	0	26	223	234	5	80	101	84	2	23	105	78	0	23	32	21	0	12	268	167	1	66	85	47	3	11	111	89	3	27	108	58	0	26	54	47	0	20	0	80	0	31	88	68	4	31	103	15	3	7	87	150	1	54
86	111	2	40	167	144	2	52	0	53	0	23	224	231	4	83	101	83	2	24	105	76	0	25	32	21	0	12	271	168	2	64	85	48	3	10	112	90	2	26	108	59	0	25	53	48	1	19	0	78	0	33	88	71	4	28	104	15	2	7	85	147	0	57
86	110	2	41	167	138	4	56	0	54	0	22	224	231	4	83	101	83	2	24	104	76	2	24	32	22	0	11	269	166	2	65	87	49	1	9	110	86	3	31	109	59	0	24	54	47	1	19	0	76	0	35	88	71	4	28	103	15	3	7	88	145	0	59
86	111	2	40	167	137	3	58	0	55	0	21	224	229	4	85	100	84	3	23	101	74	5	26	32	22	0	11	266	164	2	66	87	47	1	11	109	86	3	32	108	60	1	23	52	49	1	19	0	73	0	38	88	74	4	25	103	15	3	7	91	146	1	58
86	110	2	41	165	137	5	58	0	57	0	19	223	227	5	87	101	84	2	23	100	74	4	28	32	25	0	8	262	166	2	65	87	47	1	11	110	84	2	34	107	60	2	23	53	50	1	17	0	72	0	39	89	73	3	26	103	14	3	8	95	149	0	55
85	109	3	42	167	137	2	59	0	58	0	18	226	233	2	81	101	84	2	23	101	76	3	26	32	25	0	8	260	166	4	63	87	44	1	14	109	85	3	33	107	59	2	24	54	48	1	18	0	73	0	38	89	70	3	29	104	15	2	7	96	151	1	53
84	107	4	44	167	138	2	58	0	61	0	15	224	231	4	83	101	84	2	23	101	76	3	26	31	26	1	7	265	165	1	64	86	46	2	12	111	86	2	31	108	56	0	28	54	45	1	21	0	77	0	34	89	70	3	29	104	15	2	7	95	151	0	53
85	110	3	41	163	137	3	62	0	60	0	16	223	227	5	87	102	84	1	23	101	76	2	27	31	28	1	5	263	162	1	67	84	43	4	15	111	86	2	31	108	56	0	28	55	47	1	18	0	80	0	31	89	71	3	28	104	15	2	7	97	147	0	57
85	109	3	42	163	135	3	64	0	61	0	15	223	223	5	91	102	84	1	23	101	76	2	27	31	29	1	4	254	165	1	65	84	44	4	14	112	86	0	32	108	58	0	26	55	49	1	16	0	79	0	32	89	71	3	28	104	13	2	9	102	146	3	58
85	110	3	41	164	138	3	60	0	58	0	18	224	224	4	90	102	81	1	26	100	79	1	26	30	31	1	3	255	168	1	64	86	43	2	15	112	85	1	32	107	57	2	26	55	48	1	17	0	77	0	34	89	73	3	26	104	14	2	8	98	140	4	64
